pos_percentage,neg_percentage
28.385613747869915,97.93709875875845
