Positive,Negative
46.86159945745735,91.82951640669832
