Positive,Negative
35.29786443976441,88.74650013687751
